{"cameraMode":{"drawMode":0,"name":"Shaded","section":"Shading Mode"},"sceneLighting":false,"audioPlay":false,"sceneViewState":{"showFog":false,"showMaterialUpdate":false,"showSkybox":false,"showFlares":false,"showImageEffects":false,"showParticleSystems":false},"in2DMode":false,"pivot":{"x":-0.006579041481018066,"y":0.3485966920852661,"z":0.07184135913848877},"rotation":{"x":-0.14551672339439393,"y":0.8511339426040649,"z":-0.3134021461009979,"w":-0.39519959688186648},"size":1.2247449159622193,"orthographic":false}