{"cameraMode":{"drawMode":0,"name":"Shaded","section":"Shading Mode"},"sceneLighting":true,"audioPlay":false,"sceneViewState":{"showFog":true,"showMaterialUpdate":true,"showSkybox":true,"showFlares":true,"showImageEffects":true,"showParticleSystems":true},"in2DMode":false,"pivot":{"x":-33.96780776977539,"y":8.652234077453614,"z":-69.52633666992188},"rotation":{"x":0.1819637268781662,"y":0.01327430922538042,"z":-0.002456458518281579,"w":0.9832131862640381},"size":142.47418212890626,"orthographic":false}