{"cameraMode":{"drawMode":0,"name":"Shaded","section":"Shading Mode"},"sceneLighting":false,"audioPlay":false,"sceneViewState":{"showFog":true,"showMaterialUpdate":false,"showSkybox":false,"showFlares":true,"showImageEffects":true,"showParticleSystems":true},"in2DMode":false,"pivot":{"x":0.2518463134765625,"y":-7.166622161865234,"z":100.62518310546875},"rotation":{"x":0.021490391343832017,"y":0.6575733423233032,"z":-0.01871565170586109,"w":0.7529245615005493},"size":202.305419921875,"orthographic":true}