{"cameraMode":{"drawMode":0,"name":"Shaded","section":"Shading Mode"},"sceneLighting":true,"audioPlay":false,"sceneViewState":{"showFog":true,"showMaterialUpdate":false,"showSkybox":true,"showFlares":true,"showImageEffects":true,"showParticleSystems":true},"in2DMode":false,"pivot":{"x":-0.196319580078125,"y":-8.719573974609375,"z":-43.359375},"rotation":{"x":0.008853320963680745,"y":0.6749775409698486,"z":-0.008100121282041073,"w":0.7377403974533081},"size":50.13351058959961,"orthographic":true}