{"cameraMode":{"drawMode":0,"name":"Shaded","section":"Shading Mode"},"sceneLighting":true,"audioPlay":false,"sceneViewState":{"showFog":false,"showMaterialUpdate":false,"showSkybox":false,"showFlares":false,"showImageEffects":false,"showParticleSystems":false},"in2DMode":false,"pivot":{"x":-290.013916015625,"y":72.76243591308594,"z":-99.0625},"rotation":{"x":0.17889083921909333,"y":0.3416631519794464,"z":-0.06641750037670136,"w":0.9202458262443543},"size":187.03131103515626,"orthographic":true}